ΔAccuracy,Δtrace,Δlargest_eig,Δhead10,Δtail,Δpr,Δspectral_entropy,Δkappa,Δneff,Δalpha
-0.008349609374999956,-59701.11,-1066.1279,0.0037691593,-0.0037691593,-4.67613734177786,,13.72891,0.12693787,-0.03696168108418063
